<?xml version="1.0" encoding="UTF-8"?>
<project-private xmlns="http://www.netbeans.org/ns/project-private/1">
    <open-files xmlns="http://www.netbeans.org/ns/projectui-open-files/2">
        <group>
            <file>file:/C:/Users/shiva/OneDrive%20-%20Nottingham%20Trent%20University/0_Year3/CloudComputingLab/Shivangi_Prajapati_N0909947_SCC_Code/TravelBuddyFinder/src/java/Classes/ApplicationConfig.java</file>
            <file>file:/C:/Users/shiva/OneDrive%20-%20Nottingham%20Trent%20University/0_Year3/CloudComputingLab/Shivangi_Prajapati_N0909947_SCC_Code/TravelBuddyFinder/src/java/Classes/Notifications.java</file>
            <file>file:/C:/Users/shiva/OneDrive%20-%20Nottingham%20Trent%20University/0_Year3/CloudComputingLab/Shivangi_Prajapati_N0909947_SCC_Code/TravelBuddyFinder/src/java/Classes/MessageLoader.java</file>
        </group>
    </open-files>
</project-private>
